{"cameraMode":{"drawMode":0,"name":"Shaded","section":"Shading Mode"},"sceneLighting":true,"audioPlay":false,"sceneViewState":{"showFog":true,"showMaterialUpdate":false,"showSkybox":true,"showFlares":true,"showImageEffects":true,"showParticleSystems":true},"in2DMode":false,"pivot":{"x":-57.75958251953125,"y":1.7200000286102296,"z":-55.98081970214844},"rotation":{"x":0.14644742012023927,"y":-0.273602157831192,"z":0.042190875858068469,"w":0.9496919512748718},"size":7.539399147033691,"orthographic":false}